Aboriginal Affairs Portfolio,Portefeuille des affaires autochtones
aboriginal affairs portfolio,portefeuille des affaires autochtones
Acquisition Card,Carte d'achat
acquisition card,carte d'achat
Advisory Committee on Indigenous Peoples,Comité consultatif des Autochtones
advisory committee on indigenous peoples,comité consultatif des autochtones
Indigenous Courtwork Program,Programme d’assistance parajudiciaire aux Autochtones
indigenous courtwork program,programme d’assistance parajudiciaire aux autochtones
Advisory Committee on Persons with Disabilities,Comité consultatif concernant les personnes en situation de handicap
advisory committee on persons with disabilities,comité consultatif concernant les personnes en situation de handicap
Advisory Committee for Racialized Persons,Comité consultatif des personnes racisées
advisory committee for racialized persons,comité consultatif des personnes racisées
"Advisory Committee on Sexual Orientation, Gender Identity and Expression","Comité consultatif sur l’orientation sexuelle, l’identité et l’expression de genre"
"advisory committee on sexual orientation, gender identity and expression","comité consultatif sur l’orientation sexuelle, l’identité et l’expression de genre"
Advisory Committee on Women at Justice,Comité consultatif des femmes à Justice
advisory committee on women at justice,comité consultatif des femmes à justice
Assistant Deputy Attorney General,Sous-procureur général adjoint
assistant deputy attorney general,sous-procureur général adjoint
Assistant Deputy Minister,Sous-ministre adjoint
assistant deputy minister,sous-ministre adjoint
Associate Deputy Minister,Sous-ministre délégué
associate deputy minister,sous-ministre délégué
Assistant Deputy Minister’s Office,Bureau du sous-ministre adjoint
assistant deputy minister’s office,bureau du sous-ministre adjoint
Attorney General,Procureur Général
attorney general,procureur général
Attorney General of Canada,Procureur Général du Canada
attorney general of canada,procureur général du canada
Artificial Intelligence,Intelligence artificielle
artificial intelligence,intelligence artificielle
Aboriginal Justice Strategy,Stratégie relative à la justice applicable aux Autochtones
aboriginal justice strategy,stratégie relative à la justice applicable aux autochtones
Aboriginal Law Group,Groupe des droits autochtone
aboriginal law group,groupe des droits autochtone
Aboriginal Law Services,Service du droit des Autochtones
aboriginal law services,service du droit des autochtones
Asset Master Record,Fiche immobilisation
asset master record,fiche immobilisation
Accounting Operations Client Services,Opérations comptables et services à la clientèle
accounting operations client services,opérations comptables et services à la clientèle
Accounting Operations Division,Division des opérations comptables
accounting operations division,division des opérations comptables
Association of Professional Executives of the Public Service of Canada,Association professionnelle des Cadres de la fonction publique du Canada
association of professional executives of the public service of canada,association professionnelle des cadres de la fonction publique du canada
Action Plan for Official Languages,Plan d’action pour les langues officielles
action plan for official languages,plan d’action pour les langues officielles
Annual Report,Rapport annuel
annual report,rapport annuel
Anti-Discrimination and Anti-Racism Secretariat,Secrétariat de lutte contre le racisme et la discrimination
anti-discrimination and anti-racism secretariat,secrétariat de lutte contre le racisme et la discrimination
Atlantic Region Office,Bureau des régions de l'Atlantique
atlantic region office,bureau des régions de l'atlantique
Atlantic Regional Office,Bureau régional de l'Atlantique
atlantic regional office,bureau régional de l'atlantique
Administrative Services,Services administratifs
administrative services,services administratifs
Administrative Support,Support administratif
administrative support,support administratif
Access to Information and Privacy,Accès à l'information et protection des renseignments personnels
access to information and privacy,accès à l'information et protection des renseignments personnels
Authority to Operate,Autorisation pour opérer
authority to operate,autorisation pour opérer
Administrative Tribunals Support Service of Canada,Service canadien d’appui aux tribunaux administratifs
administrative tribunals support service of canada,service canadien d’appui aux tribunaux administratifs
Business Analytics Center,Centre d'analytiques des affaires
business analytics center,centre d'analytiques des affaires
Business Centre,Centre d'affaires
business centre,centre d'affaires
Business Continuity Management,Gestion de la continuité des activités
business continuity management,gestion de la continuité des activités
Business Continuity Plan,Plan de continuité des activités
business continuity plan,plan de continuité des activités
British Columbia Regional Office,Bureau régional de la Colombie-Britannique
british columbia regional office,bureau régional de la colombie-britannique
Building Emergency Evacuation Teams,Équipes d’urgence et d’évacuation des immeubles
building emergency evacuation teams,équipes d’urgence et d’évacuation des immeubles
Brookfield Global Integrated Solutions,Brookfield Global Integrated Solutions
brookfield global integrated solutions,brookfield global integrated solutions
Blanket Hospitality Authority,Autorisation générale pour l'accueil
blanket hospitality authority,autorisation générale pour l'accueil
Business Management Centre,Centre de la gestion des affaires
business management centre,centre de la gestion des affaires
Budget Management Framework,Cadre de gestion de budget
budget management framework,cadre de gestion de budget
Business Management & Governance,Gestion des affaires et de la gouvernance
business management & governance,gestion des affaires et de la gouvernance
Business Management Office,Bureau de la gestion des affaires
business management office,bureau de la gestion des affaires
BMU Network,Réseau UGA
bmu network,réseau uga
Business Management Unit,Unité de la gestion des affaires
business management unit,unité de la gestion des affaires
Briefing Note,Note de breffage
briefing note,note de breffage
Business Practices and Intelligence Branch,Direction générale des pratiques et des analyses d’affaires
business practices and intelligence branch,direction générale des pratiques et des analyses d’affaires
Business Process Owner,Responsable de processus administratif
business process owner,responsable de processus administratif
Business and Regulatory Law Portfolio,Portefeuille du droit des affaires et du droit réglementaire
business and regulatory law portfolio,portefeuille du droit des affaires et du droit réglementaire
Business Regulatory Law Portfolio,Portefeuille du droit des affaires et du droit réglementaire
business regulatory law portfolio,portefeuille du droit des affaires et du droit réglementaire
Blanket Travel Authority,Autoritée générale de voyager
blanket travel authority,autoritée générale de voyager
Business Transformation Committee,Comité de la Transformation des Activités
business transformation committee,comité de la transformation des activités
Business Value Assessment,Évaluation de la valeur commerciale
business value assessment,évaluation de la valeur commerciale
"Committee on Agenda, Advice and Results","Comité sur l’agenda, les avis et les résultats"
"committee on agenda, advice and results","comité sur l’agenda, les avis et les résultats"
Chief Audit and Evaluation Executive,Dirigeant principal de la vérification et de l'évaluation
chief audit and evaluation executive,dirigeant principal de la vérification et de l'évaluation
Central Agencies Portfolio,Portefeuille des organismes centraux
central agencies portfolio,portefeuille des organismes centraux
Canadian Association of professional employees,Association canadienne des employés professionnels
canadian association of professional employees,association canadienne des employés professionnels
Corporate Accounting and Reporting,Comptabilité ministérielle et rapport
corporate accounting and reporting,comptabilité ministérielle et rapport
Courts Administration Services,Services administratifs des tribunaux judiciaires
courts administration services,services administratifs des tribunaux judiciaires
Communications Branch,Direction générales des communications
communications branch,direction générales des communications
Canada’s Black Justice Strategy,Stratégie canadienne en matière de justice pour les personnes noires
canada’s black justice strategy,stratégie canadienne en matière de justice pour les personnes noires
Canada Border Services Agency,Agence des service frontalier du Canada
canada border services agency,agence des service frontalier du canada
Cost Centre,Centre de coûts
cost centre,centre de coûts
CCMercury,CCMercury
ccmercury,ccmercury
Cost Center Manager,Gestionnaire de centre de cout
cost center manager,gestionnaire de centre de cout
Closed Circuit Television,Télévision en circuit fermé
closed circuit television,télévision en circuit fermé
Client Department Office,Bureau du ministère client
client department office,bureau du ministère client
Client Driven Services,Services axés sur le client
client driven services,services axés sur le client
Canadian Environmental Protection Act,Loi canadienne sur la protection de l'environnement
canadian environmental protection act,loi canadienne sur la protection de l'environnement
"Business Centre, Management and CFO Sector","Centre d'affaires, Secteur de la gestion et DPF"
"business centre, management and cfo sector","centre d'affaires, secteur de la gestion et dpf"
Chief Financial Officer,Directeur des services financiers
chief financial officer,directeur des services financiers
Client Feedback Survey,Sondage de satisfaction des clients
client feedback survey,sondage de satisfaction des clients
Canadian Human Rights Act,Loi canadienne sur la protection de la personne
canadian human rights act,loi canadienne sur la protection de la personne
Canadian Human Rights Commission,Commission canadienne des droits de la personne
canadian human rights commission,commission canadienne des droits de la personne
Canadian Indicator Framework,Cadre d’indicateurs canadien
canadian indicator framework,cadre d’indicateurs canadien
Chief Information Officer,Dirigeant principal de l’information
chief information officer,dirigeant principal de l’information
Chief Information Officer Office,Bureau du dirigeant principal de l'information
chief information officer office,bureau du dirigeant principal de l'information
Centre for Information and Privacy Law,Centre du droit à l’information et à la protection des renseignements personnels
centre for information and privacy law,centre du droit à l’information et à la protection des renseignements personnels
Crown-Indigenous Relations and Northern Affairs Canada,Relations Couronne-Autochtones et Affaires du Nord Canada
crown-indigenous relations and northern affairs canada,relations couronne-autochtones et affaires du nord canada
Community Justice Centres,Centres juridiques communautaires
community justice centres,centres juridiques communautaires
Civil Litigation and Advisory Section,Section du contentieux civil et du conseil
civil litigation and advisory section,section du contentieux civil et du conseil
Continuing Legal Education,Formation juridique permanente
continuing legal education,formation juridique permanente
Centre for Labour and Employment Law,Centre du droit du travail et de l'emploi
centre for labour and employment law,centre du droit du travail et de l'emploi
Centre for Legal Education Services,Centre de services de formation juridique
centre for legal education services,centre de services de formation juridique
Corporate Learning Plan,Plan d'apprentissage ministériel
corporate learning plan,plan d'apprentissage ministériel
Canada Legal Team,Équipe juridique du Canada
canada legal team,équipe juridique du canada
Compensation Liaison Unit,Unité de liaison en rémunération
compensation liaison unit,unité de liaison en rémunération
Change Management and Business Transformation,Gestion du Changement et Transformation des affaires
change management and business transformation,gestion du changement et transformation des affaires
Contracting and Material Management Division,Division de la gestion des marchés et du matériel
contracting and material management division,division de la gestion des marchés et du matériel
"Contracting, Material Management and Financial Systems Division","Division de la gestion des marchés, du matériel et des systèmes financiers"
"contracting, material management and financial systems division","division de la gestion des marchés, du matériel et des systèmes financiers"
Change Management Office,Bureau de la gestion du changement
change management office,bureau de la gestion du changement
Chart of Account,Plan comptable départemental
chart of account,plan comptable départemental
Centre of Expertise for Learning and Professional Development,Centre d’expertise pour l’apprentissage et le développement professionnel
centre of expertise for learning and professional development,centre d’expertise pour l’apprentissage et le développement professionnel
Chief of Staff,Chef de cabinet
chief of staff,chef de cabinet
Cabinet and Parliamentary Affairs,L'unité des affaires du Cabinet et parlementaires
cabinet and parliamentary affairs,l'unité des affaires du cabinet et parlementaires
"Corporate Planning, Reporting and Risk Division","Planification, rapports et risques ministériels"
"corporate planning, reporting and risk division","planification, rapports et risques ministériels"
Canada Revenue Agency,Agence du revenu du Canada
canada revenue agency,agence du revenu du canada
CRA Material,Documents ARC
cra material,documents arc
CRA Materials,Documents ARC
cra materials,documents arc
Contract Review Committee,Comité d'examen des contrats
contract review committee,comité d'examen des contrats
Cost Recovery Process Improvements,Amélioration du processus de recouvrement des couts
cost recovery process improvements,amélioration du processus de recouvrement des couts
Corporate Reporting,Rapport corporatif
corporate reporting,rapport corporatif
Corporate Services Branch,Direction générale des services ministériels
corporate services branch,direction générale des services ministériels
Correctional Services Canada,Service correctionnel Canada
correctional services canada,service correctionnel canada
Canadian Security Intelligence Service,Service canadien du renseignement de sécurité
canadian security intelligence service,service canadien du renseignement de sécurité
Chief Security Officer,Dirigeant principal de la sécurité
chief security officer,dirigeant principal de la sécurité
Canada School of Public Service,EFPC
canada school of public service,efpc
Canada Top Secret Network,Réseau canadien Très secret
canada top secret network,réseau canadien très secret
Departmental Audit Committee,Comité ministériel d'audit
departmental audit committee,comité ministériel d'audit
"Director, Business Management","Directeur, Gestion des affaires"
"director, business management","directeur, gestion des affaires"
Directors of Business Management Committee,Comité des directeurs de gestion des affaires
directors of business management committee,comité des directeurs de gestion des affaires
Digital Communications and Creative Services Division,Division des communications numériques et des services créatifs
digital communications and creative services division,division des communications numériques et des services créatifs
Deputy Chief Financial Officer,Adjoint à la dirigeante principale des finances
deputy chief financial officer,adjoint à la dirigeante principale des finances
Departmental Departure Process,Processus ministériel de départ
departmental departure process,processus ministériel de départ
"Data, Digital and Services Committee","Comité des données, du numérique et des services"
"data, digital and services committee","comité des données, du numérique et des services"
Department of Fisheries and Oceans,Ministère des pêches et océans
department of fisheries and oceans,ministère des pêches et océans
Director General,Directeur général
director general,directeur général
Departmental Governance Working Group,Groupe de travail sur la gouvernance ministérielle
departmental governance working group,groupe de travail sur la gouvernance ministérielle
Department of Indian Affairs and Northern Dev,Ministère des affaires indiennes et du nord canadien
department of indian affairs and northern dev,ministère des affaires indiennes et du nord canadien
Department Legal Services Unit,Services juridiques ministériels
department legal services unit,services juridiques ministériels
DLSU access to DW,Accès à l'ETN pour les SJM
dlsu access to dw,accès à l'etn pour les sjm
DLSU Connectivity Improvement Project,Projet d'amélioration de la connectivité pour les SJM
dlsu connectivity improvement project,projet d'amélioration de la connectivité pour les sjm
Deputy Minister,Sous-Ministre
deputy minister,sous-ministre
Deputy Minister’s Office,Bureau de sous-ministre
deputy minister’s office,bureau de sous-ministre
Department of National Defense,Ministère de la défense nationale
department of national defense,ministère de la défense nationale
Departmental Plan,Plan ministériel
departmental plan,plan ministériel
Departmental Performance Report,Rapport ministériel sur le rendement
departmental performance report,rapport ministériel sur le rendement
Info Dispute Prevention and Resolution,Info Prévention et règlement des différents
info dispute prevention and resolution,info prévention et règlement des différents
Departmental Recovery Committee,Comité ministériel de rétablissement des activités
departmental recovery committee,comité ministériel de rétablissement des activités
Deputy Regional Director,Directeur régional adjoint
deputy regional director,directeur régional adjoint
Departmental Results Report,Rapport sur les résultats ministériels
departmental results report,rapport sur les résultats ministériels
Departmental Sustainable Development Strategy,Stratégie Ministérielle de Développement Durable
departmental sustainable development strategy,stratégie ministérielle de développement durable
Delegation of Spending and Financial Signing Authority,Délégation de signature des pouvoirs de dépenser et financiers
delegation of spending and financial signing authority,délégation de signature des pouvoirs de dépenser et financiers
Departmental Security Officer,Agent de sécurité du ministère
departmental security officer,agent de sécurité du ministère
Departmental Security Plan,Plan de sécurité ministériel
departmental security plan,plan de sécurité ministériel
Duty to Accommodate,Obligation de prendre des mesures d'adaptation
duty to accommodate,obligation de prendre des mesures d'adaptation
Departmental Travel Expense Account,Compte ministériel de frais de voyage
departmental travel expense account,compte ministériel de frais de voyage
Departmental Travel Expense Card Carte,Carte ministérielle de frais de voyage
departmental travel expense card carte,carte ministérielle de frais de voyage
Digital Workspace,Environnement de travail numérique
digital workspace,environnement de travail numérique
DW - Training and Demo,ETN - Formation et démonstration
dw - training and demo,etn - formation et démonstration
DW Resource Centre,Centre de ressources de l'ETN
dw resource centre,centre de ressources de l'etn
DW-ETN Owners,DW-ETN Propriétaires
dw-etn owners,dw-etn propriétaires
DW-LEX,ETN-LEX
dw-lex,etn-lex
Executive Assistant,Adjoint exécutif
executive assistant,adjoint exécutif
Employee Assistance Program,Programme d'aide aux employés
employee assistance program,programme d'aide aux employés
Executive Committee,Conseil exécutif
executive committee,conseil exécutif
Environment and Climate Change Canada,Environnement et Changement climatique Canada
environment and climate change canada,environnement et changement climatique canada
Evaluation Division,Division de l'évaluation
evaluation division,division de l'évaluation
"Equity, Diversity, and Inclusion","Équité, diversité et inclusion"
"equity, diversity, and inclusion","équité, diversité et inclusion"
Employment Equity,L’équité en matière d’emploi
employment equity,l’équité en matière d’emploi
"Employment Equity, Diversity and Inclusion","équité en matière d’emploi, de diversité et d’inclusion"
"employment equity, diversity and inclusion","équité en matière d’emploi, de diversité et d’inclusion"
"Employment Equity, Diversity and Inclusion Steering Committee","Comité directeur de l’équité en matière d’emploi, de la diversité et de l’inclusion"
"employment equity, diversity and inclusion steering committee","comité directeur de l’équité en matière d’emploi, de la diversité et de l’inclusion"
Enterprise Grants and Contributions System,Système d'entreprise pour les subventions et contributions
enterprise grants and contributions system,système d'entreprise pour les subventions et contributions
Entreprise Grants and Contributions System,Système de gestion pour les subventions et les contributions
entreprise grants and contributions system,système de gestion pour les subventions et les contributions
Employment Insurance,Assurance emploi
employment insurance,assurance emploi
Entity-Level Control,Contrôle au niveau de l'entité
entity-level control,contrôle au niveau de l'entité
East Memorial Building,Édifice commémoratif de l'est
east memorial building,édifice commémoratif de l'est
Equipment Master Record,Fiche d'équipement
equipment master record,fiche d'équipement
Expense Management Tool,Outil de gestion des dépenses
expense management tool,outil de gestion des dépenses
Emergency Response Committee,Comité d'intervention d'urgence
emergency response committee,comité d'intervention d'urgence
Executive Services,Services à la haute direction
executive services,services à la haute direction
Employment and Social Development Canada,Emploi et Développement social Canada
employment and social development canada,emploi et développement social canada
Equity Seeking Groups,Groupes en quête d’équité
equity seeking groups,groupes en quête d’équité
Eye Witness,Témoin expert
eye witness,témoin expert
Functional Area,Domaine fonctionnel
functional area,domaine fonctionnel
Financial Administration Act,Loi sur la gestion des finances publiques
financial administration act,loi sur la gestion des finances publiques
Funds Commitment,Engagement de fonds
funds commitment,engagement de fonds
Federal Court of Canada,Cour fédérale du Canada
federal court of canada,cour fédérale du canada
Floor Emergency Warden,Agent de secours d'étage
floor emergency warden,agent de secours d'étage
Department of Finance Canada,Ministère des Finances Canada
department of finance canada,ministère des finances canada
Office of the Commissioner for Federal Judicial Affairs Canada,Commissariat à la magistrature fédérale Canada
office of the commissioner for federal judicial affairs canada,commissariat à la magistrature fédérale canada
Financial Management Advisor,Conseiller en gestion financière
financial management advisor,conseiller en gestion financière
Finance and Planning Branch,Direction générale des finances et de la planification
finance and planning branch,direction générale des finances et de la planification
Federal Records Centre,Centre fédéral de documents
federal records centre,centre fédéral de documents
Finance Resources Management Division,Division de la gestion des ressources financières
finance resources management division,division de la gestion des ressources financières
Federal Sustainable Development Act,Loi fédérale sur le développement durable
federal sustainable development act,loi fédérale sur le développement durable
Federal Sustainable Development Strategy,Stratégie fédérale de développement durable
federal sustainable development strategy,stratégie fédérale de développement durable
Financial Situation Report,Rapport de situation financière
financial situation report,rapport de situation financière
Federal Student Work Experience Program,Programme federal d’expérience de travail étudiant
federal student work experience program,programme federal d’expérience de travail étudiant
Full-Time Equivalent,Équivalent temps plein
full-time equivalent,équivalent temps plein
Federal Victim Strategy,Stratégie fédérale d’aide aux victimes
federal victim strategy,stratégie fédérale d’aide aux victimes
Fiscal Year,Année financière
fiscal year,année financière
For your action,Pour votre action
for your action,pour votre action
For your information,À titre d'information
for your information,à titre d'information
Grants and Contributions,Subventions et contributions
grants and contributions,subventions et contributions
Global Affairs Canada,Affaires mondiales Canada
global affairs canada,affaires mondiales canada
Gender-based Analysis Plus,Analyse comparative entre les sexes plus
gender-based analysis plus,analyse comparative entre les sexes plus
Government of Canada,Gouvernement du Canada
government of canada,gouvernement du canada
Grants and Contributions Information Management System,Système de gestion de l'information sur les subventions et les contributions
grants and contributions information management system,système de gestion de l'information sur les subventions et les contributions
Government of Canada Secret Infrastructure,Infrastructure secrète du gouvernement du Canada
government of canada secret infrastructure,infrastructure secrète du gouvernement du canada
Government of Canada Workplace Charitable Campaign,Campagne de charité en milieu de travail du gouvernement du Canada
government of canada workplace charitable campaign,campagne de charité en milieu de travail du gouvernement du canada
Government Electronic Director Services,Services d'annuaires gouvernmentaux électroniques
government electronic director services,services d'annuaires gouvernmentaux électroniques
Greenhouse Gas,Gaz à effet de serre
greenhouse gas,gaz à effet de serre
Global Indicator Framework,Cadre mondial d’indicateurs
global indicator framework,cadre mondial d’indicateurs
General Ledger,Grand Livre
general ledger,grand livre
Governance Oversight and Strategic Advice,Conseil et surveillance stratégiques de la gouvernance
governance oversight and strategic advice,conseil et surveillance stratégiques de la gouvernance
Goods Receipt,Entrée de marchandise
goods receipt,entrée de marchandise
Goods and Services Tax,Taxe sur les produits et services
goods and services tax,taxe sur les produits et services
Government-wide chart of accounts for Canada,Plan comptable à l'échelle de l'administration fédérale
government-wide chart of accounts for canada,plan comptable à l'échelle de l'administration fédérale
Head Office,Bureau chef
head office,bureau chef
Harassment and Violence Prevention,Prévention du harcèlement et de la violence
harassment and violence prevention,prévention du harcèlement et de la violence
Headquarters,Quartier général
headquarters,quartier général
Human Resources,Ressources humaines
human resources,ressources humaines
Human Resources Advisor,Conseiller en ressources humaines
human resources advisor,conseiller en ressources humaines
Human Resources Branch,Direction générale des ressources humaines
human resources branch,direction générale des ressources humaines
Human Rights Law Section,Section des droits de la personne
human rights law section,section des droits de la personne
Human Resources Management System,Système de gestion des ressources humaines
human resources management system,système de gestion des ressources humaines
Human Resources and Social Development Canada,Ressources humaines et developpement social Canada
human resources and social development canada,ressources humaines et developpement social canada
Harmonized Sales Tax,Taxe de vente harmonisée
harmonized sales tax,taxe de vente harmonisée
Integrated Audit and Evaluation Plan,Plan d’audit et évaluation intégré
integrated audit and evaluation plan,plan d’audit et évaluation intégré
Internal Audit and Evaluation Sector,Secteur d’audit interne et d’évaluation
internal audit and evaluation sector,secteur d’audit interne et d’évaluation
Internal Audit Services,Services de vérification interne
internal audit services,services de vérification interne
Indigenous business development,Développement des entreprises autochtones
indigenous business development,développement des entreprises autochtones
Internal Control over Financial Management,Contrôle interne en matière de gestion financière
internal control over financial management,contrôle interne en matière de gestion financière
Internal Control over Financial Reporting,Contrôle interne en matière de rapports financiers
internal control over financial reporting,contrôle interne en matière de rapports financiers
Informal Conflict Management System,Système de gestion informelle des conflits
informal conflict management system,système de gestion informelle des conflits
International Day for Persons with Disabilities,Journée internationale des personnes en situation de handicap
international day for persons with disabilities,journée internationale des personnes en situation de handicap
Individual Designated Travel Card,Carte individuelle de voyage
individual designated travel card,carte individuelle de voyage
Integrated Forward Agenda,L'ordre du jour à venir intégré
integrated forward agenda,l'ordre du jour à venir intégré
Integrated Financial and Materiel System Division,Division du système intégré des finances et du matériel
integrated financial and materiel system division,division du système intégré des finances et du matériel
Integrated Financial Management System,Sytème intégré des finances et du matériel
integrated financial management system,sytème intégré des finances et du matériel
Investment Governance & Oversight,Gouvernance & surveillance des investissements
investment governance & oversight,gouvernance & surveillance des investissements
Indigenous Justice Strategy,Stratégie en matière de justice autochtones
indigenous justice strategy,stratégie en matière de justice autochtones
Innovate Law,Droit de l'innovation
innovate law,droit de l'innovation
Immigration Law Division,Division du droit de l'immigration
immigration law division,division du droit de l'immigration
Individual Learning Plan,Plan d'apprentissage individuel
individual learning plan,plan d'apprentissage individuel
IM - ATIP,GI - Accès à l'information et protection des renseignements personnels
im - atip,gi - accès à l'information et protection des renseignements personnels
IM - Forms Management,GI - Gestion des formulaires
im - forms management,gi - gestion des formulaires
IM - General,GI - Général
im - general,gi - général
IM - Library Services,GI - Services de bibliothèque
im - library services,gi - services de bibliothèque
IM - Mail and Messenger Services,GI - Services de courrier et de messagerie
im - mail and messenger services,gi - services de courrier et de messagerie
IM - Records Management Services,GI - Services de gestion des dossiers
im - records management services,gi - services de gestion des dossiers
Information Management,Gestion de l'information
information management,gestion de l'information
Integrated Management Sector Activites Tracker,Traqueur intégré des activités du secteur de la gestion
integrated management sector activites tracker,traqueur intégré des activités du secteur de la gestion
Information Management Working Group,Groupe de travail sur la gestion de l'information
information management working group,groupe de travail sur la gestion de l'information
Internal Order,Order interne
internal order,order interne
Intellectual Property,Propriété intellectuelle
intellectual property,propriété intellectuelle
Invoice Receipt,Réception de la facture
invoice receipt,réception de la facture
Impact of Race and Culture Assessments,Évaluation de l’impact des races et de la culture
impact of race and culture assessments,évaluation de l’impact des races et de la culture
"Immigration, Refugees and Citizenship Canada",Immigration Réfugiés et Citoyenneté Canada
"immigration, refugees and citizenship canada",immigration réfugiés et citoyenneté canada
Integrated Recorded Information Mgmt System,Système intégré de gestion des renseignements consignés
integrated recorded information mgmt system,système intégré de gestion des renseignements consignés
Indigenous Rights and Relations Portfolio,Portefeuille des droits et relations autochtones
indigenous rights and relations portfolio,portefeuille des droits et relations autochtones
Information Services,Services d'information
information services,services d'information
Interdepartmental Settlement,Règlement interministériel
interdepartmental settlement,règlement interministériel
Interdepartmental Settlement Organization Code,Règlement interministériel code d’organisation
interdepartmental settlement organization code,règlement interministériel code d’organisation
Information Solutions Branch,Direction générale des solutions d'information
information solutions branch,direction générale des solutions d'information
ISB Administrative Services,Services administratifs de la DGSI
isb administrative services,services administratifs de la dgsi
Integrated Security Committee,Comité de sécurité intégré
integrated security committee,comité de sécurité intégré
Information Technology,Technologie de l'information
information technology,technologie de l'information
IT - General,TI - Général
it - general,ti - général
IT - IT Security,TI - Sécurité des TI
it - it security,ti - sécurité des ti
IT - Network Management,TI - Gestion du réseau
it - network management,ti - gestion du réseau
IT - Technical Support,TI - Soutien technique
it - technical support,ti - soutien technique
International Travel Agreements,Accords internationaux de voyage
international travel agreements,accords internationaux de voyage
Information Technology General Control,Contrôle général des technologies de l'information
information technology general control,contrôle général des technologies de l'information
Individual Travel Request,Demande de voyage individuelle
individual travel request,demande de voyage individuelle
Judicial Affairs Section,Section des affaires juridiques
judicial affairs section,section des affaires juridiques
Justice Emergency Operations Centre,Centre des opérations d'urgence de Justice
justice emergency operations centre,centre des opérations d'urgence de justice
Justice Legal Services Heads Committee,Comité des chefs des services juridiques de Justice
justice legal services heads committee,comité des chefs des services juridiques de justice
JMCN Announcements,Annonces du Réseau
jmcn announcements,annonces du réseau
JMCN Documents,Documents du Réseau
jmcn documents,documents du réseau
JMCN Steering Committee,Comité directeur du Réseau
jmcn steering committee,comité directeur du réseau
Justice Managers' Community Network,Réseau communautaire des gestionnaires de Justice
justice managers' community network,réseau communautaire des gestionnaires de justice
Justice Partnership and Innovation Program,Programme juridique de partenariats et d’innovation
justice partnership and innovation program,programme juridique de partenariats et d’innovation
Justice Sustainable Development Strategy,Stratégie de développement durable du ministère de la Justice
justice sustainable development strategy,stratégie de développement durable du ministère de la justice
JUS Strategic Planning,Planifications stratégiques du MJ
jus strategic planning,planifications stratégiques du mj
Justice Canada,Justice Canada
justice canada,justice canada
Journal Voucher,Pièce de journal
journal voucher,pièce de journal
Key Performance Indicators,Indicateurs clés de performance
key performance indicators,indicateurs clés de performance
Local Area Network,Réseau local d'entreprise
local area network,réseau local d'entreprise
Litigation Branch,Direction générale du contentieux
litigation branch,direction générale du contentieux
Litigation Billing Information,Information sur les litiges de facturation
litigation billing information,information sur les litiges de facturation
Law Commission of Canada,Commission du droit du Canada
law commission of canada,commission du droit du canada
Legal Case Management System,Solution de gestion des dossiers juridiques
legal case management system,solution de gestion des dossiers juridiques
Legal Case Management Solution Steering Committee,Comité directeur de la solution pour la gestion des dossiers juridiques
legal case management solution steering committee,comité directeur de la solution pour la gestion des dossiers juridiques
Leadership in Energy and Environmental Design,Leadership in Energy and Environmental Design
leadership in energy and environmental design,leadership in energy and environmental design
Legal Excellence Program,Programme d’excellence en droit
legal excellence program,programme d’excellence en droit
Letter of offer,Lettre d'offre
letter of offer,lettre d'offre
Legal Practices Branch,Direction générale des pratiques juridiques
legal practices branch,direction générale des pratiques juridiques
Legal Project Management,Gestion de projet juridique
legal project management,gestion de projet juridique
Legal Risk Management,Gestion des risques juridiques
legal risk management,gestion des risques juridiques
Legislative Services Branch,Direction générale des services législatifs
legislative services branch,direction générale des services législatifs
Management Accountability Framework,Cadre de responsabilisation de gestion
management accountability framework,cadre de responsabilisation de gestion
Management Committee,Comité de la gestion
management committee,comité de la gestion
Multi-Function Device,Périphérique multifonction
multi-function device,périphérique multifonction
Mental Health Action Plan,Plan d'action en santé mentale
mental health action plan,plan d'action en santé mentale
Management Information Session,Séance d’information pour les gestionnaires
management information session,séance d’information pour les gestionnaires
MM - Acquisition,GM - Acquisition
mm - acquisition,gm - acquisition
MM - Assessement and Planning,GM - Évaluation et planification
mm - assessement and planning,gm - évaluation et planification
MM - Disposition,GM - Disposition
mm - disposition,gm - disposition
MM - General,GM - Général
mm - general,gm - général
MM - Ops Maintenance Repair,GM - Réparation de maintenance opérationnelle
mm - ops maintenance repair,gm - réparation de maintenance opérationnelle
Memorandum of Understanding,Protocole d'entente
memorandum of understanding,protocole d'entente
Management Response and Action Plan,Réponse de la direction et plan d'action
management response and action plan,réponse de la direction et plan d'action
Management Sector,Secteur de la gestion
management sector,secteur de la gestion
Ministerial Secretariat,Secrétariat ministériel
ministerial secretariat,secrétariat ministériel
National AccessAbility Week,Journée internationale des personnes en situation de handicap
national accessability week,journée internationale des personnes en situation de handicap
National Accommodations Division,Division nationale de planification des locaux
national accommodations division,division nationale de planification des locaux
National Capital Region,Région de la capitale nationale
national capital region,région de la capitale nationale
National Headquarters,Administration Centrale
national headquarters,administration centrale
National Informatics Committee,Comité national de l'informatique
national informatics committee,comité national de l'informatique
National Joint Council,Conseil national mixte
national joint council,conseil national mixte
National Litigation Coordination Team,Équipe nationale de coordination des litiges
national litigation coordination team,équipe nationale de coordination des litiges
National Litigation Sector,Secteur national du contentieux
national litigation sector,secteur national du contentieux
NLS Board of directors,Conseil d'administration du secteur national du contentieux
nls board of directors,conseil d'administration du secteur national du contentieux
National Master Standing Offer,Offre à commande principale et nationale
national master standing offer,offre à commande principale et nationale
National Public Service Week,Semaine nationale de la fonction publique
national public service week,semaine nationale de la fonction publique
Northern Regional Office,Bureau régional des régions du Nord
northern regional office,bureau régional des régions du nord
Operations and Maintenance,Exploitation et maintenance
operations and maintenance,exploitation et maintenance
Office of the Auditor General,Bureau du vérificateur général
office of the auditor general,bureau du vérificateur général
Online Booking Tool,Outil de réservation en ligne
online booking tool,outil de réservation en ligne
Office of the Chief Human Resources Officer,Bureau de la dirigeante principale des ressources humaines
office of the chief human resources officer,bureau de la dirigeante principale des ressources humaines
Other Government Department,Autre ministère gouvernemental
other government department,autre ministère gouvernemental
Open Government Partnership,Partenariat pour un Gouvernement ouvert
open government partnership,partenariat pour un gouvernement ouvert
Official Hospitality Outside Canada,Accueil officiel à l'étranger
official hospitality outside canada,accueil officiel à l'étranger
Occupational Health and Safety,Services de santé au travail
occupational health and safety,services de santé au travail
Order in Council,Décrets
order in council,décrets
Official Languages Directorate,Direction des langues officielles
official languages directorate,direction des langues officielles
Ombud and Informal Resolution Services Office,Bureau de l’ombuds et des services de résolution informelle
ombud and informal resolution services office,bureau de l’ombuds et des services de résolution informelle
Ontario Regional Office,Bureau regional de l’Ontario
ontario regional office,bureau regional de l’ontario
ORO Relocation Project,BRO - Projet de relocalisation
oro relocation project,bro - projet de relocalisation
Office of the special interlocutor,Bureau de l'interlocutrice spéciale
office of the special interlocutor,bureau de l'interlocutrice spéciale
Payments at Year End,Créditeurs à la fin de l'exercice
payments at year end,créditeurs à la fin de l'exercice
Policy Committee,Comité des politiques
policy committee,comité des politiques
People and Culture Committee,comité sur les personnes et la culture
people and culture committee,comité sur les personnes et la culture
Privy Council Office Legal Services Sector,Secteur des services juridiques du Bureau du Conseil privé
privy council office legal services sector,secteur des services juridiques du bureau du conseil privé
Policy Centre for Victim Issues,Centre de la politiques concernant les victimes
policy centre for victim issues,centre de la politiques concernant les victimes
Policy Integration and Coordination Section,Section de l’intégration et de la coordination de la politique
policy integration and coordination section,section de l’intégration et de la coordination de la politique
Personal Information Number,Numéro d'identification personnel
personal information number,numéro d'identification personnel
Process Level Controls,Contrôles au niveau des processus
process level controls,contrôles au niveau des processus
Public Law and Legislative Services Sector,Secteur du droit public et des services législatifs
public law and legislative services sector,secteur du droit public et des services législatifs
Performance Management Agreement,Entente de gestion du rendement
performance management agreement,entente de gestion du rendement
Performance Measurement and Evaluation Committee,Comité de la mesure du rendement et de l’évaluation
performance measurement and evaluation committee,comité de la mesure du rendement et de l’évaluation
Prime Minister's Office,Bureau du premier ministre
prime minister's office,bureau du premier ministre
Performance Management and Talent Management,Gestion du rendement et des talents
performance management and talent management,gestion du rendement et des talents
Purchase Order,Bon de commande
purchase order,bon de commande
Policy Priorities Committee,Comité des priorités d’orientation politique
policy priorities committee,comité des priorités d’orientation politique
Priorities and Planning Division,Division des priorités et de la planification
priorities and planning division,division des priorités et de la planification
PPE Litigation 5 Billion Dollar Claim,Litige relatif aux EPI : réclamation de 5 milliards de dollars
ppe litigation 5 billion dollar claim,litige relatif aux epi : réclamation de 5 milliards de dollars
Project and Procurement Review Board,Comité consultatif pour les projets et les achats
project and procurement review board,comité consultatif pour les projets et les achats
Public Prosecution Service of Canada,Services des poursuites pénales du Canada
public prosecution service of canada,services des poursuites pénales du canada
Purchase Requisition,Demande d'achat
purchase requisition,demande d'achat
Procurement Review Board,Comité consultatif pour les achats
procurement review board,comité consultatif pour les achats
Performance Review and Employee Appraisal,Rapport d'évaluation et étude du rendement
performance review and employee appraisal,rapport d'évaluation et étude du rendement
Personal Record Identifer,Code d'identification de dossier personnel
personal record identifer,code d'identification de dossier personnel
Prairies Regional Office,Bureau régional des prairies
prairies regional office,bureau régional des prairies
PRO Accommodations Project,BRP - Projet de déménagement
pro accommodations project,brp - projet de déménagement
Policy Sector,Secteur des politiques
policy sector,secteur des politiques
Public Service Alliance of Canada,Alliance de la Fonction publique du Canada
public service alliance of canada,alliance de la fonction publique du canada
Paralegal Services Centre,Centre de services de parajuristes
paralegal services centre,centre de services de parajuristes
Tax Law Services - Atlantic Regional Office,Portefeuille des services du droit fiscal-BRA
tax law services - atlantic regional office,portefeuille des services du droit fiscal-bra
British Columbia Regional Office - PSDI,Bureau de la Colombie-Britannique - SPDI
british columbia regional office - psdi,bureau de la colombie-britannique - spdi
"Public Safety, Defence and Immigration Portfolio","Portefeuille de la Sécurité publique, de la Défense et de l’Immigration"
"public safety, defence and immigration portfolio","portefeuille de la sécurité publique, de la défense et de l’immigration"
Public Service Employee Survey,Sondage auprès des fonctionnaires fédéraux
public service employee survey,sondage auprès des fonctionnaires fédéraux
Public Service Management Advisory Committee,Comité consultatif sur la gestion de la fonction publique
public service management advisory committee,comité consultatif sur la gestion de la fonction publique
Public Services and Procurement Canada,Services Publics et Approvisionnement Canada
public services and procurement canada,services publics et approvisionnement canada
Public Service Performance Management,Gestion du rendement de la fonction publique
public service performance management,gestion du rendement de la fonction publique
Payment Voucher,Bon de paiement
payment voucher,bon de paiement
Public Works and Government Services Canada,Travaux publics et Service gouvernementaux du Canada
public works and government services canada,travaux publics et service gouvernementaux du canada
Questions and Answers,Questions et réponses
questions and answers,questions et réponses
Quarterly Financial Report,Rapport financier trimestriel
quarterly financial report,rapport financier trimestriel
Immigration Law Directorate - QRO,Direction du droit de l’immigration - BRQ
immigration law directorate - qro,direction du droit de l’immigration - brq
QRO Management Committee,Comité de Gestion BRQ
qro management committee,comité de gestion brq
Québec Regional Office,Bureau regional du Québec
québec regional office,bureau regional du québec
Regulatory Law Directorate - QRO,Direction du Droit Réglementaire - BRQ
regulatory law directorate - qro,direction du droit réglementaire - brq
Tax Law Directorate – QRO,Direction du litige fiscal – BRQ
tax law directorate – qro,direction du litige fiscal – brq
Risk Assessment,Gestion du risque
risk assessment,gestion du risque
Regional Accommodation and Integrated Security Operations,Opérations régionales de sécurité intégrée et de planification des locaux
regional accommodation and integrated security operations,opérations régionales de sécurité intégrée et de planification des locaux
Receivable at Year-End,Créditeurs à la fin de l’exercice
receivable at year-end,créditeurs à la fin de l’exercice
Responsible Building Authority,Autorité responsable de l'immeuble
responsible building authority,autorité responsable de l'immeuble
Responsible Centre Manager,Gestionnaire de centre de responsabilité
responsible centre manager,gestionnaire de centre de responsabilité
Royal Canadian Mounted Police,Gendarmerie royale du Canada
royal canadian mounted police,gendarmerie royale du canada
Regional Director of Finance,Directeur régional des finances
regional director of finance,directeur régional des finances
Regional Director General,Directeur générale régional
regional director general,directeur générale régional
Regional Director General’s Office,Bureau du directeur général régional
regional director general’s office,bureau du directeur général régional
Resource and Investment Advisory Board,Comité consultatif des ressources et de l’investissement
resource and investment advisory board,comité consultatif des ressources et de l’investissement
Records Information Management System,Système de gestion des renseignements consignés
records information management system,système de gestion des renseignements consignés
Resource Management Division,Division de la gestion des ressources
resource management division,division de la gestion des ressources
RP - Acquisition,Immobiliers - Acquisition
rp - acquisition,immobiliers - acquisition
RP - Assessement and Planning,Immobiliers - Évaluation et planification
rp - assessement and planning,immobiliers - évaluation et planification
RP - Disposition,Immobiliers - Disposition
rp - disposition,immobiliers - disposition
RP - General,Immobiliers - Général
rp - general,immobiliers - général
RP - Ops Maintenance Repair,"Immobiliers - Exploitation, entretien et utilisation"
rp - ops maintenance repair,"immobiliers - exploitation, entretien et utilisation"
Resource Planning and Management Committee,Comité de planification et de gestion des ressources
resource planning and management committee,comité de planification et de gestion des ressources
Research and Statistics Division,Division de la recherche et de la statistique
research and statistics division,division de la recherche et de la statistique
Senior Assistant Deputy Minister,Sous-ministre adjoint principal
senior assistant deputy minister,sous-ministre adjoint principal
St-Andrew's Tour 275 Sparks Street,Tour St-Andrew's
st-andrew's tour 275 sparks street,tour st-andrew's
Specimen Signature Card,Carte de spécimen de signature
specimen signature card,carte de spécimen de signature
Supreme Court of Canada,Cour suprême du Canada
supreme court of canada,cour suprême du canada
Sustainable Development,Développement durable
sustainable development,développement durable
Sustainable Development Goals,Objectifs de développement durable
sustainable development goals,objectifs de développement durable
Senior Departmental Managers,Cadre supérieur du ministère
senior departmental managers,cadre supérieur du ministère
Sustainable Development Secretariat,Secrétariat du développement durable
sustainable development secretariat,secrétariat du développement durable
Sustainable Development Steering Committee,Comité directeur du développement durable
sustainable development steering committee,comité directeur du développement durable
Strategic Environmental Assessment,Évaluation environnementale Stratégique
strategic environmental assessment,évaluation environnementale stratégique
Strategic Environmental and Economic Assessment,Évaluation environnementale et économique stratégique
strategic environmental and economic assessment,évaluation environnementale et économique stratégique
Strategic Emergency Management Committee,Comité stratégique sur la gestion des urgences
strategic emergency management committee,comité stratégique sur la gestion des urgences
Strategic Emergency Management Plan,Plan stratégique de gestion des urgences
strategic emergency management plan,plan stratégique de gestion des urgences
Salary Forecasting Tool,Outil de prévisions salariales
salary forecasting tool,outil de prévisions salariales
Special interlocutor,Interlocutrice spécial
special interlocutor,interlocutrice spécial
Security Incident Report,Rapport d'incident de sécurité
security incident report,rapport d'incident de sécurité
Service Level Commitments,Engagements de niveau de service
service level commitments,engagements de niveau de service
Second Language Evaluation,Évaluation de la langue seconde
second language evaluation,évaluation de la langue seconde
Senior Management Board,Conseil de gestion des services
senior management board,conseil de gestion des services
Sector Management Committee,Comité de gestion du secteur
sector management committee,comité de gestion du secteur
Standing Offer Agreement,Convention d'offre à commandes
standing offer agreement,convention d'offre à commandes
Strategic Operations Division,Division des opérations stratégiques
strategic operations division,division des opérations stratégiques
Sexual orientation or gender identity or expression,"Orientations sexuelles, identités de genre et expressions de genre"
sexual orientation or gender identity or expression,"orientations sexuelles, identités de genre et expressions de genre"
Statement of Merit Criteria,Énoncé des critères de mérite
statement of merit criteria,énoncé des critères de mérite
Standard Operational Procedure,Procédure opératoire normalisée
standard operational procedure,procédure opératoire normalisée
Statement of work,Énoncé de travail
statement of work,énoncé de travail
Standard Payment System,Système normalisé de paiement
standard payment system,système normalisé de paiement
SRB Class Action,Prestation de retraite supplémentaire recours collectif
srb class action,prestation de retraite supplémentaire recours collectif
Strategic Recruitment and Career Development,Recrutement stratégique et développement de carrière
strategic recruitment and career development,recrutement stratégique et développement de carrière
Security Requirements Checklist,Liste de vérification des exigences relatives à la sécurité
security requirements checklist,liste de vérification des exigences relatives à la sécurité
Shared Services Canada,Services Partagés Canada
shared services canada,services partagés canada
"Safety, Security and Emergency Management Division","Division de la sûreté, de la sécurité et de la gestion des urgences"
"safety, security and emergency management division","division de la sûreté, de la sécurité et de la gestion des urgences"
"Safety, Security and Emergency Preparedness Division","Division de la sûreté, de la sécurité et de la gestion des urgences"
"safety, security and emergency preparedness division","division de la sûreté, de la sécurité et de la gestion des urgences"
Shared Travel Services,Services de voyage partagés
shared travel services,services de voyage partagés
Trackable Asset,Actif traçable
trackable asset,actif traçable
Travel Authorization Number,Numéro d'autorisation de voyage
travel authorization number,numéro d'autorisation de voyage
Treasury Board Secretariat,Secrétariat du Conseil du Trésor
treasury board secretariat,secrétariat du conseil du trésor
Tangible Capital Asset,Immobilisation corporelle
tangible capital asset,immobilisation corporelle
Travel Expense Reports,Rapports de dépenses de voyage
travel expense reports,rapports de dépenses de voyage
"Travel, Hospitality and Conference","Voyages, accueil et conférences"
"travel, hospitality and conference","voyages, accueil et conférences"
"Travel, Hospitality, Conference and Event Expenditures","Dépenses de voyages, d'accueil, de conférences et d'événements"
"travel, hospitality, conference and event expenditures","dépenses de voyages, d'accueil, de conférences et d'événements"
Travel Identification Number,Numéro d'identification du voyageur
travel identification number,numéro d'identification du voyageur
Tax Law Services Portfolio,Portefeuille des services du droit fiscal
tax law services portfolio,portefeuille des services du droit fiscal
Technical Officer Committee,Comité d'agent technique
technical officer committee,comité d'agent technique
Threat Risk Assessment,Évaluation de la menace et des risques
threat risk assessment,évaluation de la menace et des risques
"Travel, Relocation and Acquisition Card Unit","Unité des voyages, réinstallations et carte d'achat"
"travel, relocation and acquisition card unit","unité des voyages, réinstallations et carte d'achat"
Technology Services Division,Division des services techniques
technology services division,division des services techniques
UAV / Drones Legal Issues Working Group,Groupe de travail sur les questions juridiques des UAV/drones
uav / drones legal issues working group,groupe de travail sur les questions juridiques des uav/drones
United Nations,Nations unies
united nations,nations unies
Universal Classification System,Norme générale de classification
universal classification system,norme générale de classification
Work description,Description de taches
work description,description de taches
AAP – Law Management Committee Secretariat,PAA - Secrétariat du comité de gestion de la loi
aap – law management committee secretariat,paa - secrétariat du comité de gestion de la loi
Aboriginal Law Directorate,Direction du droit autochtone
aboriginal law directorate,direction du droit autochtone
Accessibility plan,Plan sur l'accessibilité
accessibility plan,plan sur l'accessibilité
Accessibility Plan team,Équipe du Plan sur l'accessibilité
accessibility plan team,équipe du plan sur l'accessibilité
Action Items,Les éléments d'action
action items,les éléments d'action
Admin Hub,Pôle Admin
admin hub,pôle admin
Administrator,Administrateur/Administratrice
administrator,administrateur/administratrice
Advisory Committee on Visible Minorities,Comité consultatif sur les minorités visibles
advisory committee on visible minorities,comité consultatif sur les minorités visibles
Agenda,Ordre du jour
agenda,ordre du jour
As time permits,Si le temps le permet
as time permits,si le temps le permet
Attendance,Liste de présence
attendance,liste de présence
Branch,Direction générale
branch,direction générale
Branch Documents,Documents du secteur
branch documents,documents du secteur
Briefing,Information en bref
briefing,information en bref
Chair,Président
chair,président
Civil Litigation Directorate,Direction du litige civil
civil litigation directorate,direction du litige civil
Co-chair,Co-président(e) 
co-chair,co-président(e)
Coordinator,Coordinateur/Coordinatrice
coordinator,coordinateur/coordinatrice
Corporate events,Évènements corporatifs
corporate events,évènements corporatifs
Decision,Décision
decision,décision
Demo,Demonstration
demo,demonstration
Department of Justice,ministère de la Justice Canada
department of justice,ministère de la justice canada
Digital Workspace Site Administrator’s Community,Communauté des administrateurs de sites de l’ETN
digital workspace site administrator’s community,communauté des administrateurs de sites de l’etn
Digital Workspace Site Administrators Forum,Forum des administrateurs de sites de l'environnement de travail numérique
digital workspace site administrators forum,forum des administrateurs de sites de l'environnement de travail numérique
Disclosure,Divulgation
disclosure,divulgation
Doc. Subject,Sujet du document
doc. subject,sujet du document
Document set,ensemble de documents
document set,ensemble de documents
Document sets,Ensembles de documents
document sets,ensembles de documents
Drones Legal Issues Working Group,Groupe de travail sur les questions juridiques relatives aux drones
drones legal issues working group,groupe de travail sur les questions juridiques relatives aux drones
eDiscovery and Litigation Support,Preuve électronique et soutien aux litiges
ediscovery and litigation support,preuve électronique et soutien aux litiges
Education Costs,Frais d'études
education costs,frais d'études
EE Advisory Committees,Comités consultatifs sur l'ÉE
ee advisory committees,comités consultatifs sur l'ée
Emergencies Act and Convoy-Related Actions,Loi sur les situations d'urgence et actions liées aux convois
emergencies act and convoy-related actions,loi sur les situations d'urgence et actions liées aux convois
"Employment and Social Development Canada, Legal Services","Services juridiques, Emploi et développement social Canada"
"employment and social development canada, legal services","services juridiques, emploi et développement social canada"
Employment Equity Advisory Committees,Comités consultatifs d’équité en matière d’emploi
employment equity advisory committees,comités consultatifs d’équité en matière d’emploi
Employment Equity Steering Committee,Comité directeur de l’équité en matière d’emploi
employment equity steering committee,comité directeur de l’équité en matière d’emploi
Expression of interest,Avis d’intérêt
expression of interest,avis d’intérêt
Family and Children’s Law Team,Équipe du droit de la famille et des enfants
family and children’s law team,équipe du droit de la famille et des enfants
Family Law and Youth Justice Policy Section,Section de la politique en matière de droit de la famille et de la justice pour les jeunes
family law and youth justice policy section,section de la politique en matière de droit de la famille et de la justice pour les jeunes
Family Law Assistance Service,Services d'aide au droit familial
family law assistance service,services d'aide au droit familial
Federal Court of Appeal,Cour d'appel fédérale
federal court of appeal,cour d'appel fédérale
Forward Agenda,Ordre du jour à venir
forward agenda,ordre du jour à venir
Governance Tracker,Outil de suivi de la gouvernance
governance tracker,outil de suivi de la gouvernance
Guest,Invité(e)
guest,invité(e)
Immigration Law Division - Ontario Regional Office,BRO - Division du droit de l'immigration
immigration law division - ontario regional office,bro - division du droit de l'immigration
In Brief,En Bref
in brief,en bref
Indigenous Advisory Counsel,Conseil Consultatif Autochtone
indigenous advisory counsel,conseil consultatif autochtone
Indigenous Justice Sub-Hub,Sub-Hub de la Justice applicable aux autochtones
indigenous justice sub-hub,sub-hub de la justice applicable aux autochtones
Information Management and Information Technology,Gestion de l'information et technologie de l'information
information management and information technology,gestion de l'information et technologie de l'information
"Innovations, Analysis and Integration Directorate","Direction des innovations, de l'analyse et de l'intégration"
"innovations, analysis and integration directorate","direction des innovations, de l'analyse et de l'intégration"
Jurisprudence and Research,Jurisprudence et recherches
jurisprudence and research,jurisprudence et recherches
Justice Communications Advisory Group,Groupe consultatif sur les communications du ministère de la Justice du Canada
justice communications advisory group,groupe consultatif sur les communications du ministère de la justice du canada
Justice Service Desk Project,Projet du centre de services du MJC
justice service desk project,projet du centre de services du mjc
Justice Training Calendar,Calendrier de formation de Justice
justice training calendar,calendrier de formation de justice
Justipedia,Justipédia
justipedia,justipédia
JustMe,JusteMoi
justme,justemoi
JustMe accounts,Comptes JusteMoi
justme accounts,comptes justemoi
Labour Relations,Relations de travail
labour relations,relations de travail
Law Management Committee Secretariat,Secrétariat du comité sur la gestion des lois
law management committee secretariat,secrétariat du comité sur la gestion des lois
Legal Affairs Committee,Comité des affaires juridiques
legal affairs committee,comité des affaires juridiques
Legal Aid Directorate,Direction de l'aide juridique
legal aid directorate,direction de l'aide juridique
Legal Developments and Briefings,Développements et informations juridiques
legal developments and briefings,développements et informations juridiques
Legal Issues Coordination Group,Groupe de coordination des questions juridiques
legal issues coordination group,groupe de coordination des questions juridiques
Legal Practices Policy Division,Division de la politique des pratiques juridiques
legal practices policy division,division de la politique des pratiques juridiques
Legal Practices Sector,Secteur des pratiques juridiques
legal practices sector,secteur des pratiques juridiques
LEX Author,Auteur LEX
lex author,auteur lex
LEX Document,Document LEX
lex document,document lex
LEX Excel,Excel LEX
lex excel,excel lex
LEX File Number,Numéro de dossier LEX
lex file number,numéro de dossier lex
LEX Link,Lien de LEX
lex link,lien de lex
LEX PowerPoint,PowerPoint LEX
lex powerpoint,powerpoint lex
Lexicon,Lexique
lexicon,lexique
Litigation Readiness - Working Site,Site de travail pour la préparation de contentieux
litigation readiness - working site,site de travail pour la préparation de contentieux
Management and Oversight Document,Document Word gestion et surveillance
management and oversight document,document word gestion et surveillance
Management and Oversight Excel,Document Excel gestion et surveillance
management and oversight excel,document excel gestion et surveillance
Management and Oversight PowerPoint,Document PowerPoint gestion et surveillance
management and oversight powerpoint,document powerpoint gestion et surveillance
Manager,Gestionnaire
manager,gestionnaire
Manion Lectures,Conférences Manion
manion lectures,conférences manion
Materiel Mgmt and Real Property,Gestion du matériel et bien immobilier
materiel mgmt and real property,gestion du matériel et bien immobilier
Meeting Document Set,Ensemble de documents - Rencontres
meeting document set,ensemble de documents - rencontres
Meeting Documents,Documents des rencontres
meeting documents,documents des rencontres
Microsoft Loop,Microsoft Loop
microsoft loop,microsoft loop
Multiculturalism Champion,Champion du multiculturalisme
multiculturalism champion,champion du multiculturalisme
Multilingual translation - term store,Traductions multilingues - magasin de termes
multilingual translation - term store,traductions multilingues - magasin de termes
Nation 2 Nation Taskforce,Groupe de travail Nation à Nation
nation 2 nation taskforce,groupe de travail nation à nation
National Health and Safety Policy Committee,Comité national des politiques de santé et sécurité
national health and safety policy committee,comité national des politiques de santé et sécurité
National Managers' Community,Communauté nationale des gestionnaires
national managers' community,communauté nationale des gestionnaires
Notarial Affairs Directorate,Direction des affaires notariales
notarial affairs directorate,direction des affaires notariales
Observer,Observateur/Observatrice
observer,observateur/observatrice
Occupational Safety and Health,Sécurité et santé au travail
occupational safety and health,sécurité et santé au travail
Office Accommodation,Locaux de bureau
office accommodation,locaux de bureau
Office of the Assistant Deputy Minister and Chief Financial Officer,Bureau du sous-ministre adjoint et dirigeant principal des finances
office of the assistant deputy minister and chief financial officer,bureau du sous-ministre adjoint et dirigeant principal des finances
Office of the Director General and Deputy Chief Financial Officer,Bureau du directeur général et directeur financier adjoint
office of the director general and deputy chief financial officer,bureau du directeur général et directeur financier adjoint
Office of the Senior General Counsel,Bureau de l’avocat général principal
office of the senior general counsel,bureau de l’avocat général principal
Onboarding and Orientation for New Employees,Intégration et orientation des nouveaux employés
onboarding and orientation for new employees,intégration et orientation des nouveaux employés
Open Government Advisory Group,Groupe consultatif sur le gouvernement ouvert
open government advisory group,groupe consultatif sur le gouvernement ouvert
Operations Document Set,Ensemble de documents des opérations
operations document set,ensemble de documents des opérations
Performance Measurement Framework,Cadre de mesure du rendement
performance measurement framework,cadre de mesure du rendement
Persons with Disabilities,Personnes en situation de handicap
persons with disabilities,personnes en situation de handicap
Pillar leads,responsables de piliers
pillar leads,responsables de piliers
Policy Sector Communications Hub,Portail de communications du secteur des politiques
policy sector communications hub,portail de communications du secteur des politiques
Prairie Exchange,Échange des Prairies
prairie exchange,échange des prairies
Presenter,Présentateur/Présentatrice
presenter,présentateur/présentatrice
Professional Development Division,Division du développement professionnel
professional development division,division du développement professionnel
Programs Branch,Direction générale des programmes
programs branch,direction générale des programmes
Regulatory Law Directorate Management Committee,Comité de gestion de la Direction du droit réglementaire
regulatory law directorate management committee,comité de gestion de la direction du droit réglementaire
Report,Rapport
report,rapport
Results-Based Management and Service Delivery,Gestion axée sur les résultats et prestation des services
results-based management and service delivery,gestion axée sur les résultats et prestation des services
Retention period - Disposition of information - GCDocs,Période de rétention - Disposition d'information - GCDocs
retention period - disposition of information - gcdocs,période de rétention - disposition d'information - gcdocs
Roberts Bank Terminal 2 Project,Projet du Terminal 2 à Roberts Bank
roberts bank terminal 2 project,projet du terminal 2 à roberts bank
Secretariat,Secrétariat
secretariat,secrétariat
Sector input,contributions sectorielles
sector input,contributions sectorielles
Security Training and Awareness,Formation et sensibilisation en matière de sécurité
security training and awareness,formation et sensibilisation en matière de sécurité
Senior Associate Deputy Ministers Office Administrators,Administrateurs principaux du bureau des sous-ministres délégués
senior associate deputy ministers office administrators,administrateurs principaux du bureau des sous-ministres délégués
Service Desk Team,Équipe du Centre de Services
service desk team,équipe du centre de services
Staffing,Dotation
staffing,dotation
Stakeholder,Intervenants
stakeholder,intervenants
Steering Committee,Comité directeur
steering committee,comité directeur
Threat Risk Assessment Program and Standard,Programme et cadre d'évaluation des menaces et des risques
threat risk assessment program and standard,programme et cadre d'évaluation des menaces et des risques
Values and ethics,Valeurs et éthique
values and ethics,valeurs et éthique
Versioning,Versionnement
versioning,versionnement
Vice-chair,Vice-Président(e)
vice-chair,vice-président(e)
Wellness Committee,Comité Mieux-être
wellness committee,comité mieux-être
Wellness Program,Programme du mieux-être
wellness program,programme du mieux-être
Workload Improvement Network,Réseau d'amélioration de la charge de travail
workload improvement network,réseau d'amélioration de la charge de travail
Workplace Branch,Direction générale du milieu de travail
workplace branch,direction générale du milieu de travail
Workplace Health and Safety Committee,Comité Santé et Sécurité au travail
workplace health and safety committee,comité santé et sécurité au travail
2SLGBTQI+,2ELGBTQI+
AAP,PAA
AC,CA
ACIP,CCDA
ACP,PAPA
ACPD,CCPSH
ACRP,CCPR
ACSOGIE,CCOSIEG
ACWJ,CCFJ
ADAG,SPGA
ADM,SMA
ADMO,BSMA
AG,PG
AGC,PGC
AI,IA
AJS,SRJAA
ALG,GDA
ALS,SDA
AMR,FI
AOCS,OCSC
AOD,DOC
APEX,APEX
APOL,PALO
AR,RA
ARADS,SLCRD
ARO,BRA
AS,SA
ATIP,AIPRP
ATO,APO
ATSSC,SCDATA
BAC,CAA
BC,CA
BCM,GCA
BCP,PCA
BCRO,BRCB
BEET,ÉUÉI
BGIS,BGIS
BHA,AGA
BMC,CGA
BMF,CGB
BMG,GAG
BMO,BGA
BMU,UGA
BN,NB
BPIB,DGPAA
BPO,RPA
BRLP,PDADR
BTA,AGV
BTC,CTA
BVA,EVC
CAAR,CAAR
CAEE,DPVE
CAP,POC
CAPE,ACEP
CAR,CMR
CAS,SATJ
CB,DGC
CBJS,SCJPN
CBSA,ASFC
CC,CC
CCM,GCC
CCTV,TECF
CDO,BMC
CDS,SAC
CEPA,LCPE
CFOS,DPF
CFO,DSF
CFS,SSC
CHRA,LCDP
CHRC,CCDP
CIF,CIC
CIO,DPI
CIOO,BDPI
CIPL,CDIPRP
CIRNAC,RCAANC
CJC,CJC
CLAS,SCCC
CLE,FJP
CLEL,CDTE
CLES,CSFJ
CLP,PAM
CLT,ÉJC
CLU,ULR
CMBT,GCTA
CMMD,DGMM
CMMFSD,DGMMSF
CMO,BGC
COA,PCD
CoELPD,CEADP
Comms,DGC
CoS,CdeC
CPAU,UACP
CPRR,PRRM
CRA,ARC
CRC,CEC
CRPI,APRC
CrRpt,RptCr
CSB,DGSM
CSC,SCC
CSIS,SCRS
CSO,DPS
CSPS,École de la fonction publique du Canada
CTSN,RCTS
DAC,CMA
DBM,DGA
DBMC,CDGA
DCCSD,DCNSC
DCFO,ADPF
DDP,PMD
DDSC,CDNS
DFO,MPO
DG,DG
DGWG,GTGM
DIAND,MAINC
DLSU,SJM
DM,SM
DMO,BSM
DND,MDN
DP,PM
DPR,RMR
DRC,CMRA
DRD,DRA
DRR,RRM
DSDS,SMDD
DSFSA,DSPDF
DSO,ASM
DSP,PSM
DTA,PMA
DTEA,CompteMFV
DTEC,MFV
DW,ETN
DW-ETN,DW-ETN
DW-LEX,ETN-LEX
EA,AE
EAP,PAE
EC,CE
ECCC,ECCC
ED,DE
EDI,EDI
EE,ÉE
EEDI,ÉEDI
EEDISC,CDEEDI
EGCS,SESC
EI,AE
ELC,CNE
EMB,ECE
EMR,FE
EMT,OGD
ERC,CGMU
ES,SHD
ESDC,EDSC
ESG,GQE
EW,TE
FA,DF
FAA,LGFP
FC,EF
FCC,CFC
FEW,ASE
FIN,MFC
FJA,CMF
FMA,CGF
FPB,DGFP
FRC,CFD
FRMD,DGRF
FSDA,LFDD
FSDS,SFDD
FSR,RSF
FSWEP,PFETÉ
FTE,ETP
FVS,SFV
FY,AF
FYA,PVA
FYI,ATI
G&C,S&C
GAC,AMC
GBA+,ACS+
GC,GC
GCIMS,SGISC
GCSI,ISGC
GCWCC,CCMTGC
GEDS,SAGE
GHG(s),GES
GIF,CMI
GL,GL
GoC,GC
GOSA,CSSG
GR,EM
GST,TPS
GWAC,PCEAF
HO,BC
HPV,PHV
HQ,QG
HR,RH
HRA,CRH
HRB,DGRH
HRLS,SDP
HRMS,SGRH
HRSDC,RHDSC
HST,TVH
IAEP,PAEI
IAES,SAIE
IAS,SVI
IBD,DEA
ICFM,CIGF
ICFR,CIRF
ICMS,SGIC
IDPD,JIPH
IDTC,CIV
IFMS,SIFM
IGO,GSI
IJS,SJA
IL,DDL
ILD,DDI
ILP,PAI
IM,GI
IMSAT,TIASG
IMWG,GTGI
IO,OI
IP,PI
IR,RF
IRCAs,ÉIRC
IRCC,IRCC
IRIMS,ISGRC
IRRP,PDRA
IS,SI
IS ORG,RI ORG
ISB,DGSI
ISC,CSI
IT,TI
ITA,ATI
ITGC,CGTI
ITR,DVI
JAS,SAJ
JEOC,COUJ
JLSHC,CCSJJ
JMCN,RCGJ
JPIP,PJPI
JSDS,SDDMJ
JUS,JUS
JV,PJ
KPI,ICP
LAN,RLE
LB,DGC
LBI,ILF
LCC,CDC
LCMS,SGDJ
LCMSC,CDSGSJ
LEED®,LEED®
LEP,PED
LOO,LO
LPB,DGPJ
LPM,GPJ
LRM,GRJ
LSB,DGSL
MAF,CRG
MC,CG
MFD,PMF
MHAP,PASM
MIS,SIG
MM,GM
MOU,PE
MRAP,RDPA
MS,SG
NAAW,JIPH
NAD,DNPL
NCR,RCN
NHQ,AC
NIC,CNI
NJC,CNM
NLCT,ENCL
NLS,SNC
NMSO,OCPN
NPSW,SNFP
NRO,BRRN
O&M,E&M
OAG,BVG
OBT,OREL
OCHRO,BDPRH
OGD,AMG
OGP,PGO
OHOC,AOE
OHS,SST
OLAD,DLO
Ombuds,Ombuds
ORO,BRO
OSI,BIS
PAYE,CAFE
PC,CP
PCC,CPC
PCO,BCP
PCVI,CPV
PICS,SICP
PIN,NIP
PLC,CNP
PLLSS,SDPSL
PMA,EGR
PMEC,CMRE
PMO,BPM
PMTM,GRGT
PO,BCP
PPC,CPOP
PPD,DPP
PPE,EPI
PPRB,CCPA
PPSC,SPPC
PR,DA
PRB,CCA
PREA,REER
PRI,CIDP
PRO,BRP
PS,SP
PSAC,AFPC
PSC,CSP
PSD,BRA
PSDI,SPDI
PSES,SAFF
PSMAC,CCGFP
PSPC,SPAC
PSPM,GRFP
PV,BP
PWGSC,TPSCG
Q&A,Q&R
QFR,RFT
QRO,BRQ
RA,GR
RAISO,ORSIPL
RAYE,CAFÉ
RBA,ARI
RCM,GCR
RCMP,GRC
RDF,DGF
RDG,DGR
RDGO,BDGR
RIAB,CCRI
RIMS,SGRC
RMD,DGS
RPMC,CPGR
RSD,DRS
SADM,SMAP
SAT,TSA
SCC,CSC
SD,DD
SDG,ODD
SDM,CSM
SDS,SDD
SDSC,CDDD
SEA,EES
SEEA,EEES
SEMC,CSGU
SEMP,PSGU
SFT,OPS
SI,IS
SIR,RIS
SLC,ENS
SLE,ELS
SMB,CGS
SMC,CGS
SOA,COG
SOD,DOS
SOGIE,OSIGEG
SoMC,ECM
SOP,PON
SOW,EDT
SPS,SNP
SRCD,RSDC
SRCL,LVERS
SSC,SPC
SSEMD,DSSGU
SSEPD,DSSGU
STS,SVP
TA,AT
TAN,NAV
TBS,SCT
TCA,IC
TER,RDV
THC,VAC
THCEE,DVACE
TIN,NIV
TLS,PSDF
TOC,CAT
TRA,EMR
TRAC,VRAC
TSD,DST
UAV,UAV
UN,NU
USC,NGC
WD,DT
AIDGC,CGIAD
